config,saved_tokens_mean,saved_tokens_ci_low,saved_tokens_ci_high,time_mean,time_ci_low,time_ci_high
"No trie, No GC",0.0,0.0,0.0,8.446499251737826,7.721144039826742,9.171854463648911
"Yes trie, No GC",360.2926829268293,338.1650244879859,382.4203413656727,5.957896300932256,5.319236081177788,6.596556520686724
"Yes trie, Yes GC",535.829268292683,503.5483780455288,568.1101585398371,7.874606539563435,7.161019463243663,8.588193615883206
